attributes,ms
1,5.016169
5,14.481829
10,24.603821
15,40.289002
20,45.548310
25,53.598984
30,68.403753
35,83.078872
40,90.147397
45,96.310307
50,117.285628