attributes,ms
1,5.265387
5,39.125451
10,120.552864
15,260.868576
20,433.303825
25,664.509754
30,976.636940
35,1291.757709
40,1767.625210
45,2221.363332
50,2679.428071